,coefficients,test_r2
0,"[-0.40540632 -0.40930059 -0.28716982 -0.21732952  0.1501043   0.23369197
  0.29271686 -0.04452693 -0.06359045 -0.15861592 -0.24684707]",0.729303092053209
